"id","description","created_at","created_by"
"1","example1","2022-10-14 01:58:54","gimo"
"2","example2","2022-10-14 01:58:55","gimo"
"3","example3","2022-10-10 01:58:55","gimo"
"4","example4","2022-10-18 01:58:55","gimo"
"5","example5","2022-10-19 01:58:55","gimo"
"6","example6","2022-10-20 01:58:55","gimo"
"7","example7","2022-11-14 01:58:55","gimo"
"8","example8","2022-12-14 01:58:55","gimo"
"9","example9","2022-09-14 01:58:55","gimo"
"10","example10","2022-01-14 01:58:55","gimo"
"11","example11","2022-4-14 01:58:55","gimo"
"12","example12","2022-3-14 01:58:55","gimo"

